{"so2": "0", "co": "2.9", "level": "良", "no2": "0", "aqi": "85", "pm2_5": "3", "o3": "0", "date": "2013-05-13", "city": "安阳", "pm10": "0"},
{"so2": "77", "co": "3.4", "level": "轻度污染", "no2": "61", "aqi": "118", "pm2_5": "3", "o3": "0", "date": "2013-05-14", "city": "安阳", "pm10": "185"},
{"so2": "0", "co": "2", "level": "良", "no2": "34", "aqi": "81", "pm2_5": "3", "o3": "0", "date": "2013-05-15", "city": "安阳", "pm10": "112"},
{"so2": "0", "co": "1.7", "level": "优", "no2": "0", "aqi": "44", "pm2_5": "3", "o3": "0", "date": "2013-05-16", "city": "安阳", "pm10": "0"},
{"so2": "74", "co": "1.8", "level": "良", "no2": "46", "aqi": "90", "pm2_5": "3", "o3": "0", "date": "2013-05-17", "city": "安阳", "pm10": "130"},
{"so2": "0", "co": "1.9", "level": "优", "no2": "0", "aqi": "48", "pm2_5": "3", "o3": "0", "date": "2013-05-18", "city": "安阳", "pm10": "0"},
{"so2": "27", "co": "1.6", "level": "良", "no2": "35", "aqi": "74", "pm2_5": "3", "o3": "0", "date": "2013-06-01", "city": "安阳", "pm10": "86"},
{"so2": "84", "co": "1.8", "level": "轻度污染", "no2": "42", "aqi": "116", "pm2_5": "3", "o3": "0", "date": "2013-05-19", "city": "安阳", "pm10": "182"},
{"so2": "0", "co": "1.6", "level": "轻度污染", "no2": "32", "aqi": "103", "pm2_5": "3", "o3": "0", "date": "2013-05-20", "city": "安阳", "pm10": "156"},
{"so2": "0", "co": "1.7", "level": "轻度污染", "no2": "38", "aqi": "121", "pm2_5": "3", "o3": "0", "date": "2013-05-21", "city": "安阳", "pm10": "192"},
{"so2": "28", "co": "1.6", "level": "轻度污染", "no2": "26", "aqi": "116", "pm2_5": "3", "o3": "0", "date": "2013-06-02", "city": "安阳", "pm10": "81"},
{"so2": "46", "co": "1.8", "level": "轻度污染", "no2": "39", "aqi": "113", "pm2_5": "3", "o3": "0", "date": "2013-06-03", "city": "安阳", "pm10": "100"},
{"so2": "22", "co": "2", "level": "良", "no2": "41", "aqi": "83", "pm2_5": "3", "o3": "0", "date": "2013-06-04", "city": "安阳", "pm10": "115"},
{"so2": "85", "co": "2.7", "level": "轻度污染", "no2": "58", "aqi": "134", "pm2_5": "3", "o3": "0", "date": "2013-05-22", "city": "安阳", "pm10": "217"},
{"so2": "69", "co": "2.4", "level": "中度污染", "no2": "68", "aqi": "160", "pm2_5": "3", "o3": "0", "date": "2013-05-23", "city": "安阳", "pm10": "269"},
{"so2": "32", "co": "2.7", "level": "轻度污染", "no2": "40", "aqi": "104", "pm2_5": "3", "o3": "0", "date": "2013-05-24", "city": "安阳", "pm10": "157"},
{"so2": "23", "co": "1.5", "level": "轻度污染", "no2": "33", "aqi": "110", "pm2_5": "3", "o3": "0", "date": "2013-06-05", "city": "安阳", "pm10": "92"},
{"so2": "14", "co": "1.7", "level": "良", "no2": "42", "aqi": "99", "pm2_5": "3", "o3": "0", "date": "2013-06-06", "city": "安阳", "pm10": "147"},
{"so2": "10", "co": "2.2", "level": "轻度污染", "no2": "35", "aqi": "124", "pm2_5": "3", "o3": "0", "date": "2013-06-07", "city": "安阳", "pm10": "198"},
{"so2": "75", "co": "2.9", "level": "良", "no2": "78", "aqi": "98", "pm2_5": "3", "o3": "0", "date": "2013-05-25", "city": "安阳", "pm10": "99"},
{"so2": "0", "co": "2.8", "level": "良", "no2": "0", "aqi": "71", "pm2_5": "3", "o3": "0", "date": "2013-05-26", "city": "安阳", "pm10": "0"},
{"so2": "17", "co": "1.7", "level": "良", "no2": "44", "aqi": "78", "pm2_5": "3", "o3": "0", "date": "2013-06-08", "city": "安阳", "pm10": "106"},
{"so2": "28", "co": "1.4", "level": "良", "no2": "36", "aqi": "86", "pm2_5": "3", "o3": "0", "date": "2013-06-09", "city": "安阳", "pm10": "122"},
{"so2": "52", "co": "1.4", "level": "良", "no2": "31", "aqi": "51", "pm2_5": "3", "o3": "0", "date": "2013-06-10", "city": "安阳", "pm10": "46"},
{"so2": "30", "co": "1.2", "level": "良", "no2": "23", "aqi": "53", "pm2_5": "3", "o3": "0", "date": "2013-05-27", "city": "安阳", "pm10": "55"},
{"so2": "14", "co": "1.6", "level": "优", "no2": "36", "aqi": "45", "pm2_5": "3", "o3": "0", "date": "2013-05-28", "city": "安阳", "pm10": "41"},
{"so2": "0", "co": "2", "level": "优", "no2": "0", "aqi": "50", "pm2_5": "3", "o3": "0", "date": "2013-05-29", "city": "安阳", "pm10": "0"},
{"so2": "45", "co": "1.2", "level": "良", "no2": "42", "aqi": "70", "pm2_5": "3", "o3": "0", "date": "2013-06-11", "city": "安阳", "pm10": "89"},
{"so2": "36", "co": "1.3", "level": "良", "no2": "35", "aqi": "54", "pm2_5": "3", "o3": "0", "date": "2013-05-30", "city": "安阳", "pm10": "57"},
{"so2": "16", "co": "1.2", "level": "优", "no2": "23", "aqi": "35", "pm2_5": "3", "o3": "0", "date": "2013-05-31", "city": "安阳", "pm10": "35"},
{"so2": "58", "co": "1.1", "level": "良", "no2": "40", "aqi": "95", "pm2_5": "3", "o3": "0", "date": "2013-06-12", "city": "安阳", "pm10": "140"},
{"so2": "48", "co": "1.1", "level": "轻度污染", "no2": "30", "aqi": "119", "pm2_5": "3", "o3": "0", "date": "2013-06-13", "city": "安阳", "pm10": "150"},
{"so2": "46", "co": "1", "level": "严重污染", "no2": "40", "aqi": "392", "pm2_5": "3", "o3": "0", "date": "2013-06-14", "city": "安阳", "pm10": "188"},
{"so2": "30", "co": "1.2", "level": "轻度污染", "no2": "44", "aqi": "139", "pm2_5": "3", "o3": "0", "date": "2013-06-15", "city": "安阳", "pm10": "228"},
{"so2": "62", "co": "1", "level": "轻度污染", "no2": "37", "aqi": "117", "pm2_5": "3", "o3": "0", "date": "2013-06-16", "city": "安阳", "pm10": "184"},
{"so2": "67", "co": "2.4", "level": "重度污染", "no2": "66", "aqi": "206", "pm2_5": "3", "o3": "0", "date": "2013-06-17", "city": "安阳", "pm10": "354"},
{"so2": "57", "co": "1.9", "level": "良", "no2": "52", "aqi": "78", "pm2_5": "3", "o3": "0", "date": "2013-06-18", "city": "安阳", "pm10": "106"},
{"so2": "0", "co": "1", "level": "良", "no2": "36", "aqi": "89", "pm2_5": "3", "o3": "0", "date": "2013-06-19", "city": "安阳", "pm10": "127"},
{"so2": "100", "co": "1.6", "level": "轻度污染", "no2": "51", "aqi": "134", "pm2_5": "3", "o3": "0", "date": "2013-06-20", "city": "安阳", "pm10": "218"},
{"so2": "48", "co": "1.1", "level": "良", "no2": "42", "aqi": "67", "pm2_5": "3", "o3": "0", "date": "2013-06-21", "city": "安阳", "pm10": "83"},
{"so2": "32", "co": "1.2", "level": "良", "no2": "57", "aqi": "96", "pm2_5": "3", "o3": "0", "date": "2013-06-22", "city": "安阳", "pm10": "142"},
{"so2": "94", "co": "2", "level": "轻度污染", "no2": "56", "aqi": "103", "pm2_5": "3", "o3": "0", "date": "2013-06-23", "city": "安阳", "pm10": "156"},
{"so2": "81", "co": "2.1", "level": "中度污染", "no2": "52", "aqi": "197", "pm2_5": "3", "o3": "0", "date": "2013-06-24", "city": "安阳", "pm10": "344"},
{"so2": "39", "co": "0.7", "level": "轻度污染", "no2": "31", "aqi": "113", "pm2_5": "3", "o3": "0", "date": "2013-06-25", "city": "安阳", "pm10": "121"},
{"so2": "39", "co": "0.9", "level": "轻度污染", "no2": "44", "aqi": "123", "pm2_5": "3", "o3": "0", "date": "2013-06-26", "city": "安阳", "pm10": "141"},
{"so2": "58", "co": "1.3", "level": "轻度污染", "no2": "58", "aqi": "127", "pm2_5": "3", "o3": "0", "date": "2013-06-27", "city": "安阳", "pm10": "173"},
{"so2": "11", "co": "0.7", "level": "轻度污染", "no2": "29", "aqi": "146", "pm2_5": "3", "o3": "0", "date": "2013-06-28", "city": "安阳", "pm10": "102"},
{"so2": "5", "co": "0.9", "level": "轻度污染", "no2": "26", "aqi": "122", "pm2_5": "3", "o3": "0", "date": "2013-06-29", "city": "安阳", "pm10": "104"},
{"so2": "4", "co": "0.9", "level": "轻度污染", "no2": "27", "aqi": "136", "pm2_5": "3", "o3": "0", "date": "2013-06-30", "city": "安阳", "pm10": "101"},
